region,cantidad_sedes,promedio_pbi
OCEANÍA,3,56745.41210146575
EUROPA  OCCIDENTAL,32,54953.34631408795
AMÉRICA  DEL  NORTE,16,50117.02652942876
ASIA,30,20970.53231081685
EUROPA  CENTRAL  Y  ORIENTAL,8,17739.64084873818
AMÉRICA  CENTRAL  Y  CARIBE,14,11274.429797457575
AMÉRICA  DEL  SUR,45,10700.155784746343
ÁFRICA  DEL  NORTE  Y  CERCANO  ORIENTE,5,4543.090347047254
ÁFRICA  SUBSAHARIANA,8,2173.301575628728
